first_name,last_name,email
Allain,Dollete,allain.dollete@gmail.com
Arshdeep,Singh,singh_arsy@yahoo.com
Asiya,Gizatulina,asya.asha@gmail.com
Evan,Renaud,evanrenaud@yahoo.com
Jung,Choi,mr.jungchoi@gmail.com
Lorelei,Lopez,lorelei522@gmail.com
Melanie,Gershman,melanie.gershman@gmail.com
Sherianne,Bolling,sheriannebolling@gmail.com
Sofia,Cepeda,sofiaclara93@gmail.com
